Name,Address,Gender,Designation
John Smith,656 Edsel Road Sherman Oaks CA 91403,Male,Manager
Clara Berry,63 Woodridge Lane Memphis TN 38138,Male,Programmer
Barbra K. Hurley,1241 Canis Heights Drive Los Angeles CA 90017,Female,Service technician
Antonio J. Forbes,403 Snyder Avenue Charlotte NC 28208,Male,Falling
Charles D. Horst,1636 Walnut Hill Drive Cincinnati OH 45202,Male,Financial investigator
Beau L. Clayton,3588 Karen Lane Louisville KY 40223,Male,Extractive metallurgical engin
Ramona W. Burns,2170 Ocala Street Orlando FL 32801,Female,Electronic typesetting machine operator
Jennifer A. Morrison,2135 Lakeland Terrace Plymouth MI 48170,Female,Rigging chaser
Susan Juarez,3177 Horseshoe Lane Norristown PA 19403,Male,Control and valve installe
Ellan D. Downie,384 Flynn Street Strongsville OH 44136,Female,Education and training manager
Larry T. Williamson,1424 Andell Road Brentwood TN 37027,Male,Teaching assistant
Lauren M. Reynolds,4798 Echo Lane Kentwood MI 49512,Female,Internet developer
Joseph L. Judge,3717 Junkins Avenue Moultrie GA 31768,Male,Refrigeration mechanic
Eric C. Lavelle,1120 Whitetail Lane Dallas TX 75207,Male,Model
Cheryl T. Smithers,1203 Abia Martin Drive Commack NY 11725,Female,Personal banker
Tonia Diaz,4724 Rocky Road Philadelphia PA 19107,Female,Facilitator
Stephanie P. Lederman,2117 Larry Street Waukesha WI 53186,Female,Mental health aide
Edward F. Sanchez,2313 Elliott Street Manchester NH 03101,Male,Marine oilerp
Peter Parker,403 Snyder Avenue Charlotte NC 28208,Male,Programmer
John Smith,384 Flynn Street Strongsville OH 44136,Male,Web Developer
Mark Boucher,256 Olive Street NY,Male,Techbical Assistance
